id,level,order,source_order,character,meanings,readings,strokes,grade,frequency_rank,classical_radical_numbers,radical_names,components,atomic_component,example_words,provenance
n5-kanji-0001,N5,1,1,日,"[""day"", ""sun"", ""Japan"", ""counter for days""]","{""onyomi"": [""ニチ"", ""ジツ""], ""kunyomi"": [""ひ"", ""-び"", ""-か""], ""nanori"": [""あ"", ""あき"", ""いる"", ""く"", ""くさ"", ""こう"", ""す"", ""たち"", ""に"", ""にっ"", ""につ"", ""へ""]}",4,1,1,[72],[],[],True,"[{""written_raw"": ""明日"", ""written_furigana"": ""{明日}(あした)"", ""reading"": ""あした"", ""meanings"": [""tomorrow""]}, {""written_raw"": ""今日"", ""written_furigana"": ""{今日}(きょう)"", ""reading"": ""きょう"", ""meanings"": [""today"", ""this day""]}, {""written_raw"": ""土曜日"", ""written_furigana"": ""{土曜日}(どようび)"", ""reading"": ""どようび"", ""meanings"": [""Saturday""]}, {""written_raw"": ""日曜日"", ""written_furigana"": ""{日曜日}(にちようび)"", ""reading"": ""にちようび"", ""meanings"": [""Sunday""]}, {""written_raw"": ""毎日"", ""written_furigana"": ""{毎日}(まいにち)"", ""reading"": ""まいにち"", ""meanings"": [""every day""]}]","{""level_map"": ""Bluskyo/JLPT_Vocabulary (Jonathan Waller/Tanos)"", ""dictionary"": ""KANJIDIC2"", ""components"": ""KRADFILE visible components""}"
n5-kanji-0002,N5,2,2,一,"[""one"", ""one radical (no.1)""]","{""onyomi"": [""イチ"", ""イツ""], ""kunyomi"": [""ひと-"", ""ひと.つ""], ""nanori"": [""かず"", ""い"", ""いっ"", ""いる"", ""かつ"", ""かづ"", ""てん"", ""はじめ"", ""ひ"", ""ひとつ"", ""まこと""]}",1,1,2,[1],[],[],True,"[{""written_raw"": ""一人"", ""written_furigana"": ""{一人}(ひとり)"", ""reading"": ""ひとり"", ""meanings"": [""one person""]}, {""written_raw"": ""一つ"", ""written_furigana"": ""{一}(ひと)つ"", ""reading"": ""ひとつ"", ""meanings"": [""one thing""]}, {""written_raw"": ""一番"", ""written_furigana"": ""{一番}(いちばん)"", ""reading"": ""いちばん"", ""meanings"": [""best (most)"", ""first"", ""number one""]}, {""written_raw"": ""一日"", ""written_furigana"": ""{一日}(いちにち)"", ""reading"": ""いちにち"", ""meanings"": [""one day (duration)""]}, {""written_raw"": ""一昨日"", ""written_furigana"": ""{一昨日}(おととい)"", ""reading"": ""おととい"", ""meanings"": [""the day before yesterday""]}]","{""level_map"": ""Bluskyo/JLPT_Vocabulary (Jonathan Waller/Tanos)"", ""dictionary"": ""KANJIDIC2"", ""components"": ""KRADFILE visible components""}"
n5-kanji-0003,N5,3,3,国,"[""country""]","{""onyomi"": [""コク""], ""kunyomi"": [""くに""], ""nanori"": [""くな"", ""こ""]}",8,2,3,[31],[],"[{""symbol"": ""王"", ""meanings"": [""king"", ""rule"", ""magnate""]}, {""symbol"": ""囗"", ""meanings"": [""box"", ""box or enclosure radical (no. 31)""]}, {""symbol"": ""丶"", ""meanings"": [""dot"", ""tick or dot radical (no. 3)""]}]",False,"[{""written_raw"": ""国"", ""written_furigana"": ""{国}(くに)"", ""reading"": ""くに"", ""meanings"": [""country"", ""place of origin""]}, {""written_raw"": ""外国"", ""written_furigana"": ""{外国}(がいこく)"", ""reading"": ""がいこく"", ""meanings"": [""foreign country"", ""abroad""]}, {""written_raw"": ""外国人"", ""written_furigana"": ""{外国人}(がいこくじん)"", ""reading"": ""がいこくじん"", ""meanings"": [""foreigner""]}]","{""level_map"": ""Bluskyo/JLPT_Vocabulary (Jonathan Waller/Tanos)"", ""dictionary"": ""KANJIDIC2"", ""components"": ""KRADFILE visible components""}"
n5-kanji-0004,N5,4,4,人,"[""person""]","{""onyomi"": [""ジン"", ""ニン""], ""kunyomi"": [""ひと"", ""-り"", ""-と""], ""nanori"": [""じ"", ""と"", ""ね"", ""ひこ"", ""ふみ""]}",2,1,5,[9],[],[],True,"[{""written_raw"": ""人"", ""written_furigana"": ""{人}(ひと)"", ""reading"": ""ひと"", ""meanings"": [""man"", ""person""]}, {""written_raw"": ""一人"", ""written_furigana"": ""{一人}(ひとり)"", ""reading"": ""ひとり"", ""meanings"": [""one person""]}, {""written_raw"": ""二人"", ""written_furigana"": ""{二人}(ふたり)"", ""reading"": ""ふたり"", ""meanings"": [""two people""]}, {""written_raw"": ""大人"", ""written_furigana"": ""{大人}(おとな)"", ""reading"": ""おとな"", ""meanings"": [""adult""]}, {""written_raw"": ""外国人"", ""written_furigana"": ""{外国人}(がいこくじん)"", ""reading"": ""がいこくじん"", ""meanings"": [""foreigner""]}]","{""level_map"": ""Bluskyo/JLPT_Vocabulary (Jonathan Waller/Tanos)"", ""dictionary"": ""KANJIDIC2"", ""components"": ""KRADFILE visible components""}"
n5-kanji-0005,N5,5,5,年,"[""year"", ""counter for years""]","{""onyomi"": [""ネン""], ""kunyomi"": [""とし""], ""nanori"": [""ね""]}",6,1,6,[51],[],"[{""symbol"": ""ノ"", ""meanings"": []}, {""symbol"": ""一"", ""meanings"": [""one"", ""one radical (no.1)""]}, {""symbol"": ""干"", ""meanings"": [""dry"", ""parch"", ""ebb""]}, {""symbol"": ""乞"", ""meanings"": [""beg"", ""invite"", ""ask""]}]",False,"[{""written_raw"": ""来年"", ""written_furigana"": ""{来年}(らいねん)"", ""reading"": ""らいねん"", ""meanings"": [""next year""]}, {""written_raw"": ""今年"", ""written_furigana"": ""{今年}(ことし)"", ""reading"": ""ことし"", ""meanings"": [""this year""]}, {""written_raw"": ""去年"", ""written_furigana"": ""{去年}(きょねん)"", ""reading"": ""きょねん"", ""meanings"": [""last year""]}, {""written_raw"": ""さ来年"", ""written_furigana"": ""さ{来年}(らいねん)"", ""reading"": ""さらいねん"", ""meanings"": [""year after next""]}, {""written_raw"": ""年"", ""written_furigana"": ""{年}(とし)"", ""reading"": ""とし"", ""meanings"": [""year"", ""age""]}]","{""level_map"": ""Bluskyo/JLPT_Vocabulary (Jonathan Waller/Tanos)"", ""dictionary"": ""KANJIDIC2"", ""components"": ""KRADFILE visible components""}"
n5-kanji-0006,N5,6,6,大,"[""large"", ""big""]","{""onyomi"": [""ダイ"", ""タイ""], ""kunyomi"": [""おお-"", ""おお.きい"", ""-おお.いに""], ""nanori"": [""うふ"", ""お"", ""おう"", ""た"", ""たかし"", ""とも"", ""はじめ"", ""ひろ"", ""ひろし"", ""まさ"", ""まさる"", ""もと"", ""わ""]}",3,1,7,[37],[],[],True,"[{""written_raw"": ""大学"", ""written_furigana"": ""{大学}(だいがく)"", ""reading"": ""だいがく"", ""meanings"": [""college"", ""university""]}, {""written_raw"": ""大きい"", ""written_furigana"": ""{大}(おお)きい"", ""reading"": ""おおきい"", ""meanings"": [""big"", ""large""]}, {""written_raw"": ""大丈夫"", ""written_furigana"": ""{大丈夫}(だいじょうぶ)"", ""reading"": ""だいじょうぶ"", ""meanings"": [""It's ok (all right)"", ""No need to worry"", ""Everything is under control""]}, {""written_raw"": ""大人"", ""written_furigana"": ""{大人}(おとな)"", ""reading"": ""おとな"", ""meanings"": [""adult""]}, {""written_raw"": ""大きな"", ""written_furigana"": ""{大}(おお)きな"", ""reading"": ""おおきな"", ""meanings"": [""big""]}]","{""level_map"": ""Bluskyo/JLPT_Vocabulary (Jonathan Waller/Tanos)"", ""dictionary"": ""KANJIDIC2"", ""components"": ""KRADFILE visible components""}"
n5-kanji-0007,N5,7,7,十,"[""ten""]","{""onyomi"": [""ジュウ"", ""ジッ"", ""ジュッ""], ""kunyomi"": [""とお"", ""と"", ""そ""], ""nanori"": [""い"", ""か"", ""ぎ"", ""さ"", ""し"", ""そう"", ""ち"", ""とう"", ""ね"", ""ま"", ""る"", ""わ""]}",2,1,8,[24],[],[],True,"[{""written_raw"": ""十"", ""written_furigana"": ""{十}(とお)"", ""reading"": ""とお"", ""meanings"": [""ten (~)""]}, {""written_raw"": ""十日"", ""written_furigana"": ""{十日}(とおか)"", ""reading"": ""とおか"", ""meanings"": [""ten days"", ""tenth day of the month""]}, {""written_raw"": ""十"", ""written_furigana"": ""{十}(じゅう)"", ""reading"": ""じゅう"", ""meanings"": [""ten""]}, {""written_raw"": ""二十歳"", ""written_furigana"": ""{二十歳}(はたち)"", ""reading"": ""はたち"", ""meanings"": [""20 years old""]}, {""written_raw"": ""二十日"", ""written_furigana"": ""{二十日}(はつか)"", ""reading"": ""はつか"", ""meanings"": [""twenty days"", ""twentieth (day of the month)""]}]","{""level_map"": ""Bluskyo/JLPT_Vocabulary (Jonathan Waller/Tanos)"", ""dictionary"": ""KANJIDIC2"", ""components"": ""KRADFILE visible components""}"
n5-kanji-0008,N5,8,8,二,"[""two"", ""two radical (no. 7)""]","{""onyomi"": [""ニ"", ""ジ""], ""kunyomi"": [""ふた"", ""ふた.つ"", ""ふたたび""], ""nanori"": [""おと"", ""つぐ"", ""つぎ"", ""にい"", ""は"", ""ふ"", ""ふたつ"", ""ふだ"", ""わ""]}",2,1,9,[7],[],[],True,"[{""written_raw"": ""二人"", ""written_furigana"": ""{二人}(ふたり)"", ""reading"": ""ふたり"", ""meanings"": [""two people""]}, {""written_raw"": ""二つ"", ""written_furigana"": ""{二}(ふた)つ"", ""reading"": ""ふたつ"", ""meanings"": [""two things""]}, {""written_raw"": ""二日"", ""written_furigana"": ""{二日}(ふつか)"", ""reading"": ""ふつか"", ""meanings"": [""two days"", ""second day of the month""]}, {""written_raw"": ""二"", ""written_furigana"": ""{二}(に)"", ""reading"": ""に"", ""meanings"": [""two""]}, {""written_raw"": ""二十歳"", ""written_furigana"": ""{二十歳}(はたち)"", ""reading"": ""はたち"", ""meanings"": [""20 years old""]}]","{""level_map"": ""Bluskyo/JLPT_Vocabulary (Jonathan Waller/Tanos)"", ""dictionary"": ""KANJIDIC2"", ""components"": ""KRADFILE visible components""}"
n5-kanji-0009,N5,9,9,本,"[""book"", ""present"", ""main"", ""origin"", ""true"", ""real"", ""counter for long cylindrical things""]","{""onyomi"": [""ホン""], ""kunyomi"": [""もと""], ""nanori"": [""まと"", ""ごう""]}",5,1,10,[75],[],"[{""symbol"": ""一"", ""meanings"": [""one"", ""one radical (no.1)""]}, {""symbol"": ""木"", ""meanings"": [""tree"", ""wood""]}]",False,"[{""written_raw"": ""本"", ""written_furigana"": ""{本}(ほん)"", ""reading"": ""ほん"", ""meanings"": [""book""]}, {""written_raw"": ""〜本"", ""written_furigana"": ""〜{本}(ほん)"", ""reading"": ""〜ほん"", ""meanings"": [""counter for long cylindrical things""]}, {""written_raw"": ""本棚"", ""written_furigana"": ""{本棚}(ほんだな)"", ""reading"": ""ほんだな"", ""meanings"": [""bookshelf""]}, {""written_raw"": ""本当"", ""written_furigana"": ""{本当}(ほんとう)"", ""reading"": ""ほんとう"", ""meanings"": [""real"", ""true""]}]","{""level_map"": ""Bluskyo/JLPT_Vocabulary (Jonathan Waller/Tanos)"", ""dictionary"": ""KANJIDIC2"", ""components"": ""KRADFILE visible components""}"
n5-kanji-0010,N5,10,10,中,"[""in"", ""inside"", ""middle"", ""mean"", ""center""]","{""onyomi"": [""チュウ""], ""kunyomi"": [""なか"", ""うち"", ""あた.る""], ""nanori"": [""あたる"", ""かなえ""]}",4,1,11,[2],[],"[{""symbol"": ""｜"", ""meanings"": []}, {""symbol"": ""口"", ""meanings"": [""mouth""]}]",False,"[{""written_raw"": ""〜中"", ""written_furigana"": ""〜{中}(じゅう)"", ""reading"": ""〜じゅう"", ""meanings"": [""during"", ""while""]}, {""written_raw"": ""〜中"", ""written_furigana"": ""〜{中}(ちゅう)"", ""reading"": ""〜ちゅう"", ""meanings"": [""during"", ""while ~ing""]}, {""written_raw"": ""中"", ""written_furigana"": ""{中}(なか)"", ""reading"": ""なか"", ""meanings"": [""inside"", ""middle"", ""among""]}]","{""level_map"": ""Bluskyo/JLPT_Vocabulary (Jonathan Waller/Tanos)"", ""dictionary"": ""KANJIDIC2"", ""components"": ""KRADFILE visible components""}"
n5-kanji-0011,N5,11,11,長,"[""long"", ""leader"", ""superior"", ""senior""]","{""onyomi"": [""チョウ""], ""kunyomi"": [""なが.い"", ""おさ""], ""nanori"": [""お"", ""おしゃ"", ""たかし"", ""たけ"", ""な"", ""は"", ""ひさ""]}",8,2,12,[168],[],[],True,"[{""written_raw"": ""長い"", ""written_furigana"": ""{長}(なが)い"", ""reading"": ""ながい"", ""meanings"": [""long"", ""lengthy""]}]","{""level_map"": ""Bluskyo/JLPT_Vocabulary (Jonathan Waller/Tanos)"", ""dictionary"": ""KANJIDIC2"", ""components"": ""KRADFILE visible components""}"
n5-kanji-0012,N5,12,12,出,"[""exit"", ""leave"", ""go out"", ""come out"", ""put out"", ""protrude""]","{""onyomi"": [""シュツ"", ""スイ""], ""kunyomi"": [""で.る"", ""-で"", ""だ.す"", ""-だ.す"", ""い.でる"", ""い.だす""], ""nanori"": [""いず"", ""いづ"", ""いで"", ""じ"", ""すっ"", ""すつ"", ""てん""]}",5,1,13,[17],[],"[{""symbol"": ""｜"", ""meanings"": []}, {""symbol"": ""山"", ""meanings"": [""mountain""]}, {""symbol"": ""凵"", ""meanings"": [""open box enclosure"", ""open box radical (no. 17)""]}]",False,"[{""written_raw"": ""出かける"", ""written_furigana"": ""{出}(で)かける"", ""reading"": ""でかける"", ""meanings"": [""to go out"", ""to depart""]}, {""written_raw"": ""出す"", ""written_furigana"": ""{出}(だ)す"", ""reading"": ""だす"", ""meanings"": [""to take (something) out"", ""to hand in (something)""]}, {""written_raw"": ""出口"", ""written_furigana"": ""{出口}(でぐち)"", ""reading"": ""でぐち"", ""meanings"": [""an exit""]}, {""written_raw"": ""出る"", ""written_furigana"": ""{出}(で)る"", ""reading"": ""でる"", ""meanings"": [""to appear"", ""to leave""]}]","{""level_map"": ""Bluskyo/JLPT_Vocabulary (Jonathan Waller/Tanos)"", ""dictionary"": ""KANJIDIC2"", ""components"": ""KRADFILE visible components""}"
n5-kanji-0013,N5,13,13,三,"[""three""]","{""onyomi"": [""サン"", ""ゾウ""], ""kunyomi"": [""み"", ""み.つ"", ""みっ.つ""], ""nanori"": [""か"", ""さ"", ""さい"", ""さえ"", ""さぶ"", ""ざ"", ""ざえ"", ""ざぶ"", ""そう"", ""ぞ"", ""ただ"", ""みつ"", ""みん"", ""も"", ""や""]}",3,1,14,[1],[],"[{""symbol"": ""一"", ""meanings"": [""one"", ""one radical (no.1)""]}, {""symbol"": ""二"", ""meanings"": [""two"", ""two radical (no. 7)""]}]",False,"[{""written_raw"": ""三つ"", ""written_furigana"": ""{三}(みっ)つ"", ""reading"": ""みっつ"", ""meanings"": [""three things""]}, {""written_raw"": ""三日"", ""written_furigana"": ""{三日}(みっか)"", ""reading"": ""みっか"", ""meanings"": [""three days"", ""third day of the month""]}, {""written_raw"": ""三"", ""written_furigana"": ""{三}(さん)"", ""reading"": ""さん"", ""meanings"": [""three""]}]","{""level_map"": ""Bluskyo/JLPT_Vocabulary (Jonathan Waller/Tanos)"", ""dictionary"": ""KANJIDIC2"", ""components"": ""KRADFILE visible components""}"
n5-kanji-0014,N5,14,14,時,"[""time"", ""hour""]","{""onyomi"": [""ジ""], ""kunyomi"": [""とき"", ""-どき""], ""nanori"": [""と"", ""とぎ""]}",10,2,16,[72],[],"[{""symbol"": ""寸"", ""meanings"": [""measurement"", ""tenth of a shaku"", ""a little""]}, {""symbol"": ""土"", ""meanings"": [""soil"", ""earth"", ""ground""]}, {""symbol"": ""日"", ""meanings"": [""day"", ""sun"", ""Japan""]}]",False,"[{""written_raw"": ""時計"", ""written_furigana"": ""{時計}(とけい)"", ""reading"": ""とけい"", ""meanings"": [""a watch"", ""a clock""]}, {""written_raw"": ""時々"", ""written_furigana"": ""{時々}(ときどき)"", ""reading"": ""ときどき"", ""meanings"": [""sometimes""]}, {""written_raw"": ""時間"", ""written_furigana"": ""{時間}(じかん)"", ""reading"": ""じかん"", ""meanings"": [""time""]}, {""written_raw"": ""〜時"", ""written_furigana"": ""〜{時}(じ)"", ""reading"": ""〜じ"", ""meanings"": [""~ o'clock (time)""]}, {""written_raw"": ""〜時間"", ""written_furigana"": ""〜{時間}(じかん)"", ""reading"": ""〜じかん"", ""meanings"": [""~ hours""]}]","{""level_map"": ""Bluskyo/JLPT_Vocabulary (Jonathan Waller/Tanos)"", ""dictionary"": ""KANJIDIC2"", ""components"": ""KRADFILE visible components""}"
n5-kanji-0015,N5,15,15,行,"[""going"", ""journey"", ""carry out"", ""conduct"", ""act"", ""line"", ""row"", ""bank""]","{""onyomi"": [""コウ"", ""ギョウ"", ""アン""], ""kunyomi"": [""い.く"", ""ゆ.く"", ""-ゆ.き"", ""-ゆき"", ""-い.き"", ""-いき"", ""おこな.う"", ""おこ.なう""], ""nanori"": [""いく"", ""なみ"", ""なめ"", ""みち"", ""ゆき"", ""ゆく""]}",6,2,20,[144],[],"[{""symbol"": ""彳"", ""meanings"": [""stop"", ""linger"", ""loiter""]}]",False,"[{""written_raw"": ""銀行"", ""written_furigana"": ""{銀行}(ぎんこう)"", ""reading"": ""ぎんこう"", ""meanings"": [""bank""]}, {""written_raw"": ""飛行機"", ""written_furigana"": ""{飛行機}(ひこうき)"", ""reading"": ""ひこうき"", ""meanings"": [""airplane""]}, {""written_raw"": ""旅行"", ""written_furigana"": ""{旅行}(りょこう)"", ""reading"": ""りょこう"", ""meanings"": [""travel"", ""trip""]}, {""written_raw"": ""行く"", ""written_furigana"": ""{行}(い)く"", ""reading"": ""いく"", ""meanings"": [""to go""]}]","{""level_map"": ""Bluskyo/JLPT_Vocabulary (Jonathan Waller/Tanos)"", ""dictionary"": ""KANJIDIC2"", ""components"": ""KRADFILE visible components""}"
n5-kanji-0016,N5,16,16,見,"[""see"", ""hopes"", ""chances"", ""idea"", ""opinion"", ""look at"", ""visible""]","{""onyomi"": [""ケン""], ""kunyomi"": [""み.る"", ""み.える"", ""み.せる""], ""nanori"": []}",7,1,22,[147],[],"[{""symbol"": ""目"", ""meanings"": [""eye"", ""class"", ""look""]}, {""symbol"": ""儿"", ""meanings"": [""legs radical (no. 10)""]}]",False,"[{""written_raw"": ""見せる"", ""written_furigana"": ""{見}(み)せる"", ""reading"": ""みせる"", ""meanings"": [""to show"", ""to display""]}, {""written_raw"": ""見る"", ""written_furigana"": ""{見}(み)る"", ""reading"": ""みる"", ""meanings"": [""to see"", ""to look""]}]","{""level_map"": ""Bluskyo/JLPT_Vocabulary (Jonathan Waller/Tanos)"", ""dictionary"": ""KANJIDIC2"", ""components"": ""KRADFILE visible components""}"
n5-kanji-0017,N5,17,17,月,"[""month"", ""moon""]","{""onyomi"": [""ゲツ"", ""ガツ""], ""kunyomi"": [""つき""], ""nanori"": [""おと"", ""がっ"", ""す"", ""ずき"", ""もり""]}",4,1,23,[74],[],[],True,"[{""written_raw"": ""月曜日"", ""written_furigana"": ""{月曜日}(げつようび)"", ""reading"": ""げつようび"", ""meanings"": [""Monday""]}, {""written_raw"": ""今月"", ""written_furigana"": ""{今月}(こんげつ)"", ""reading"": ""こんげつ"", ""meanings"": [""this month""]}, {""written_raw"": ""来月"", ""written_furigana"": ""{来月}(らいげつ)"", ""reading"": ""らいげつ"", ""meanings"": [""next month""]}, {""written_raw"": ""先月"", ""written_furigana"": ""{先月}(せんげつ)"", ""reading"": ""せんげつ"", ""meanings"": [""last month""]}, {""written_raw"": ""〜か月"", ""written_furigana"": ""〜か{月}(げつ)"", ""reading"": ""〜かげつ"", ""meanings"": [""(number of) months""]}]","{""level_map"": ""Bluskyo/JLPT_Vocabulary (Jonathan Waller/Tanos)"", ""dictionary"": ""KANJIDIC2"", ""components"": ""KRADFILE visible components""}"
n5-kanji-0018,N5,18,18,後,"[""behind"", ""back"", ""later""]","{""onyomi"": [""ゴ"", ""コウ""], ""kunyomi"": [""のち"", ""うし.ろ"", ""うしろ"", ""あと"", ""おく.れる""], ""nanori"": [""こし"", ""し"", ""しい"", ""しり""]}",9,2,26,[60],[],"[{""symbol"": ""夂"", ""meanings"": [""late"", ""delayed"", ""winter radical (no. 34)""]}, {""symbol"": ""幺"", ""meanings"": [""short thread radical (no. 52)""]}, {""symbol"": ""彳"", ""meanings"": [""stop"", ""linger"", ""loiter""]}]",False,"[{""written_raw"": ""午後"", ""written_furigana"": ""{午後}(ごご)"", ""reading"": ""ごご"", ""meanings"": [""afternoon"", ""P.M.""]}, {""written_raw"": ""後"", ""written_furigana"": ""{後}(あと)"", ""reading"": ""あと"", ""meanings"": [""afterwards (later)"", ""in the future"", ""the rest"", ""since then""]}, {""written_raw"": ""明後日"", ""written_furigana"": ""{明後日}(あさって)"", ""reading"": ""あさって"", ""meanings"": [""day after tomorrow""]}, {""written_raw"": ""後ろ"", ""written_furigana"": ""{後}(うし)ろ"", ""reading"": ""うしろ"", ""meanings"": [""back"", ""behind"", ""rear""]}]","{""level_map"": ""Bluskyo/JLPT_Vocabulary (Jonathan Waller/Tanos)"", ""dictionary"": ""KANJIDIC2"", ""components"": ""KRADFILE visible components""}"
n5-kanji-0019,N5,19,19,前,"[""in front"", ""before""]","{""onyomi"": [""ゼン""], ""kunyomi"": [""まえ"", ""-まえ""], ""nanori"": [""さき"", ""さと"", ""まい""]}",9,2,27,[18],[],"[{""symbol"": ""一"", ""meanings"": [""one"", ""one radical (no.1)""]}, {""symbol"": ""刈"", ""meanings"": [""reap"", ""cut"", ""clip""]}, {""symbol"": ""月"", ""meanings"": [""month"", ""moon""]}, {""symbol"": ""并"", ""meanings"": [""put together""]}]",False,"[{""written_raw"": ""午前"", ""written_furigana"": ""{午前}(ごぜん)"", ""reading"": ""ごぜん"", ""meanings"": [""morning"", ""A.M.""]}, {""written_raw"": ""名前"", ""written_furigana"": ""{名前}(なまえ)"", ""reading"": ""なまえ"", ""meanings"": [""name""]}, {""written_raw"": ""前"", ""written_furigana"": ""{前}(まえ)"", ""reading"": ""まえ"", ""meanings"": [""before"", ""in front""]}, {""written_raw"": ""〜前"", ""written_furigana"": ""〜{前}(まえ)"", ""reading"": ""〜まえ"", ""meanings"": [""in front of ~""]}]","{""level_map"": ""Bluskyo/JLPT_Vocabulary (Jonathan Waller/Tanos)"", ""dictionary"": ""KANJIDIC2"", ""components"": ""KRADFILE visible components""}"
n5-kanji-0020,N5,20,20,生,"[""life"", ""genuine"", ""birth""]","{""onyomi"": [""セイ"", ""ショウ""], ""kunyomi"": [""い.きる"", ""い.かす"", ""い.ける"", ""う.まれる"", ""うま.れる"", ""う.まれ"", ""うまれ"", ""う.む"", ""お.う"", ""は.える"", ""は.やす"", ""き"", ""なま"", ""なま-"", ""な.る"", ""な.す"", ""む.す"", ""-う""], ""nanori"": [""あさ"", ""いき"", ""いく"", ""いけ"", ""うぶ"", ""うまい"", ""え"", ""おい"", ""ぎゅう"", ""くるみ"", ""ごせ"", ""さ"", ""じょう"", ""すぎ"", ""そ"", ""そう"", ""ちる"", ""なば"", ""にう"", ""にゅう"", ""ふ"", ""み"", ""もう"", ""よい"", ""りゅう""]}",5,1,29,[100],[],[],True,"[{""written_raw"": ""学生"", ""written_furigana"": ""{学生}(がくせい)"", ""reading"": ""がくせい"", ""meanings"": [""student""]}, {""written_raw"": ""先生"", ""written_furigana"": ""{先生}(せんせい)"", ""reading"": ""せんせい"", ""meanings"": [""teacher"", ""professor"", ""master"", ""doctor""]}, {""written_raw"": ""留学生"", ""written_furigana"": ""{留学生}(りゅうがくせい)"", ""reading"": ""りゅうがくせい"", ""meanings"": [""international student""]}, {""written_raw"": ""誕生日"", ""written_furigana"": ""{誕生日}(たんじょうび)"", ""reading"": ""たんじょうび"", ""meanings"": [""birthday""]}, {""written_raw"": ""生まれる"", ""written_furigana"": ""{生}(う)まれる"", ""reading"": ""うまれる"", ""meanings"": [""to be born""]}]","{""level_map"": ""Bluskyo/JLPT_Vocabulary (Jonathan Waller/Tanos)"", ""dictionary"": ""KANJIDIC2"", ""components"": ""KRADFILE visible components""}"
n5-kanji-0021,N5,21,21,五,"[""five""]","{""onyomi"": [""ゴ""], ""kunyomi"": [""いつ"", ""いつ.つ""], ""nanori"": [""い"", ""さ"", ""さつ"", ""ち"", ""ふ"", ""み"", ""め""]}",4,1,31,[7],[],[],True,"[{""written_raw"": ""五つ"", ""written_furigana"": ""<furigana>五つ</furigana>"", ""reading"": ""いつつ"", ""meanings"": [""five things""]}, {""written_raw"": ""五日"", ""written_furigana"": ""{五日}(いつか)"", ""reading"": ""いつか"", ""meanings"": [""five days"", ""fifth day of the month""]}, {""written_raw"": ""五"", ""written_furigana"": ""{五}(ご)"", ""reading"": ""ご"", ""meanings"": [""five""]}]","{""level_map"": ""Bluskyo/JLPT_Vocabulary (Jonathan Waller/Tanos)"", ""dictionary"": ""KANJIDIC2"", ""components"": ""KRADFILE visible components""}"
n5-kanji-0022,N5,22,22,間,"[""interval"", ""space""]","{""onyomi"": [""カン"", ""ケン""], ""kunyomi"": [""あいだ"", ""ま"", ""あい""], ""nanori"": [""ちか"", ""は"", ""はざ"", ""はし""]}",12,2,33,[169],[],"[{""symbol"": ""日"", ""meanings"": [""day"", ""sun"", ""Japan""]}, {""symbol"": ""門"", ""meanings"": [""gate"", ""counter for cannons""]}]",False,"[{""written_raw"": ""時間"", ""written_furigana"": ""{時間}(じかん)"", ""reading"": ""じかん"", ""meanings"": [""time""]}, {""written_raw"": ""〜時間"", ""written_furigana"": ""〜{時間}(じかん)"", ""reading"": ""〜じかん"", ""meanings"": [""~ hours""]}, {""written_raw"": ""〜週間"", ""written_furigana"": ""〜{週間}(しゅうかん)"", ""reading"": ""〜しゅうかん"", ""meanings"": [""~ weeks""]}]","{""level_map"": ""Bluskyo/JLPT_Vocabulary (Jonathan Waller/Tanos)"", ""dictionary"": ""KANJIDIC2"", ""components"": ""KRADFILE visible components""}"
n5-kanji-0023,N5,23,23,上,"[""above"", ""up""]","{""onyomi"": [""ジョウ"", ""ショウ"", ""シャン""], ""kunyomi"": [""うえ"", ""-うえ"", ""うわ-"", ""かみ"", ""あ.げる"", ""-あ.げる"", ""あ.がる"", ""-あ.がる"", ""あ.がり"", ""-あ.がり"", ""のぼ.る"", ""のぼ.り"", ""のぼ.せる"", ""のぼ.す"", ""たてまつ.る""], ""nanori"": [""あおい"", ""あげ"", ""い"", ""か"", ""かき"", ""かず"", ""かん"", ""こう"", ""のぼり"", ""ほつ""]}",3,1,35,[1],[],"[{""symbol"": ""一"", ""meanings"": [""one"", ""one radical (no.1)""]}, {""symbol"": ""卜"", ""meanings"": [""divining"", ""fortune-telling"", ""divination or katakana to radical (no. 25)""]}]",False,"[{""written_raw"": ""上げる"", ""written_furigana"": ""{上}(あ)げる"", ""reading"": ""あげる"", ""meanings"": [""to raise"", ""to lift""]}, {""written_raw"": ""上"", ""written_furigana"": ""{上}(うえ)"", ""reading"": ""うえ"", ""meanings"": [""above (up"", ""top"", ""etc.)"", ""over"", ""on top of""]}, {""written_raw"": ""上着"", ""written_furigana"": ""{上着}(うわぎ)"", ""reading"": ""うわぎ"", ""meanings"": [""coat"", ""jacket""]}, {""written_raw"": ""上手"", ""written_furigana"": ""{上手}(じょうず)"", ""reading"": ""じょうず"", ""meanings"": [""be good at"", ""skillful""]}]","{""level_map"": ""Bluskyo/JLPT_Vocabulary (Jonathan Waller/Tanos)"", ""dictionary"": ""KANJIDIC2"", ""components"": ""KRADFILE visible components""}"
n5-kanji-0024,N5,24,24,東,"[""east""]","{""onyomi"": [""トウ""], ""kunyomi"": [""ひがし""], ""nanori"": [""あい"", ""あがり"", ""あずま"", ""あづま"", ""こち"", ""さき"", ""しの"", ""とお"", ""はる"", ""ひが"", ""もと""]}",8,2,37,[75],[],"[{""symbol"": ""｜"", ""meanings"": []}, {""symbol"": ""一"", ""meanings"": [""one"", ""one radical (no.1)""]}, {""symbol"": ""日"", ""meanings"": [""day"", ""sun"", ""Japan""]}, {""symbol"": ""木"", ""meanings"": [""tree"", ""wood""]}, {""symbol"": ""田"", ""meanings"": [""rice field"", ""rice paddy""]}]",False,"[{""written_raw"": ""東"", ""written_furigana"": ""{東}(ひがし)"", ""reading"": ""ひがし"", ""meanings"": [""east""]}]","{""level_map"": ""Bluskyo/JLPT_Vocabulary (Jonathan Waller/Tanos)"", ""dictionary"": ""KANJIDIC2"", ""components"": ""KRADFILE visible components""}"
n5-kanji-0025,N5,25,25,四,"[""four""]","{""onyomi"": [""シ""], ""kunyomi"": [""よ"", ""よ.つ"", ""よっ.つ"", ""よん""], ""nanori"": [""あ"", ""つ"", ""よつ""]}",5,1,47,[31],[],"[{""symbol"": ""儿"", ""meanings"": [""legs radical (no. 10)""]}, {""symbol"": ""囗"", ""meanings"": [""box"", ""box or enclosure radical (no. 31)""]}]",False,"[{""written_raw"": ""四つ"", ""written_furigana"": ""{四}(よっ)つ"", ""reading"": ""よっつ"", ""meanings"": [""four things""]}, {""written_raw"": ""四日"", ""written_furigana"": ""{四日}(よっか)"", ""reading"": ""よっか"", ""meanings"": [""four days"", ""fourth day of the month""]}, {""written_raw"": ""四"", ""written_furigana"": ""{四}(し)"", ""reading"": ""し"", ""meanings"": [""four""]}]","{""level_map"": ""Bluskyo/JLPT_Vocabulary (Jonathan Waller/Tanos)"", ""dictionary"": ""KANJIDIC2"", ""components"": ""KRADFILE visible components""}"
n5-kanji-0026,N5,26,26,今,"[""now""]","{""onyomi"": [""コン"", ""キン""], ""kunyomi"": [""いま""], ""nanori"": [""な""]}",4,2,49,[9],[],"[{""symbol"": ""个"", ""meanings"": [""counter for articles"", ""individual""]}, {""symbol"": ""一"", ""meanings"": [""one"", ""one radical (no.1)""]}]",False,"[{""written_raw"": ""今"", ""written_furigana"": ""{今}(いま)"", ""reading"": ""いま"", ""meanings"": [""now""]}, {""written_raw"": ""今日"", ""written_furigana"": ""{今日}(きょう)"", ""reading"": ""きょう"", ""meanings"": [""today"", ""this day""]}, {""written_raw"": ""今晩"", ""written_furigana"": ""{今晩}(こんばん)"", ""reading"": ""こんばん"", ""meanings"": [""tonight"", ""this evening""]}, {""written_raw"": ""今週"", ""written_furigana"": ""{今週}(こんしゅう)"", ""reading"": ""こんしゅう"", ""meanings"": [""this week""]}, {""written_raw"": ""今朝"", ""written_furigana"": ""{今朝}(けさ)"", ""reading"": ""けさ"", ""meanings"": [""this morning""]}]","{""level_map"": ""Bluskyo/JLPT_Vocabulary (Jonathan Waller/Tanos)"", ""dictionary"": ""KANJIDIC2"", ""components"": ""KRADFILE visible components""}"
n5-kanji-0027,N5,27,27,金,"[""gold""]","{""onyomi"": [""キン"", ""コン"", ""ゴン""], ""kunyomi"": [""かね"", ""かな-"", ""-がね""], ""nanori"": [""かん"", ""きむ"", ""こ"", ""この"", ""ん""]}",8,1,53,[167],[],"[{""symbol"": ""王"", ""meanings"": [""king"", ""rule"", ""magnate""]}, {""symbol"": ""ハ"", ""meanings"": []}, {""symbol"": ""个"", ""meanings"": [""counter for articles"", ""individual""]}, {""symbol"": ""并"", ""meanings"": [""put together""]}]",False,"[{""written_raw"": ""金曜日"", ""written_furigana"": ""{金曜日}(きんようび)"", ""reading"": ""きんようび"", ""meanings"": [""Friday""]}, {""written_raw"": ""お金"", ""written_furigana"": ""お{金}(かね)"", ""reading"": ""おかね"", ""meanings"": [""money""]}]","{""level_map"": ""Bluskyo/JLPT_Vocabulary (Jonathan Waller/Tanos)"", ""dictionary"": ""KANJIDIC2"", ""components"": ""KRADFILE visible components""}"
n5-kanji-0028,N5,28,28,九,"[""nine""]","{""onyomi"": [""キュウ"", ""ク""], ""kunyomi"": [""ここの"", ""ここの.つ""], ""nanori"": [""いちじく"", ""いちのく"", ""この"", ""ひさし""]}",2,1,55,[5],[],[],True,"[{""written_raw"": ""九つ"", ""written_furigana"": ""{九}(ここの)つ"", ""reading"": ""ここのつ"", ""meanings"": [""nine things""]}, {""written_raw"": ""九日"", ""written_furigana"": ""{九日}(ここのか)"", ""reading"": ""ここのか"", ""meanings"": [""nine days"", ""ninth day of the month""]}, {""written_raw"": ""九"", ""written_furigana"": ""{九}(きゅう)"", ""reading"": ""きゅう"", ""meanings"": [""nine""]}, {""written_raw"": ""九"", ""written_furigana"": ""{九}(く)"", ""reading"": ""く"", ""meanings"": [""nine""]}]","{""level_map"": ""Bluskyo/JLPT_Vocabulary (Jonathan Waller/Tanos)"", ""dictionary"": ""KANJIDIC2"", ""components"": ""KRADFILE visible components""}"
n5-kanji-0029,N5,29,29,入,"[""enter"", ""insert""]","{""onyomi"": [""ニュウ"", ""ジュ""], ""kunyomi"": [""い.る"", ""-い.る"", ""-い.り"", ""い.れる"", ""-い.れ"", ""はい.る""], ""nanori"": [""いり"", ""いる"", ""に"", ""の"", ""りり""]}",2,1,56,[11],[],[],True,"[{""written_raw"": ""入口"", ""written_furigana"": ""{入口}(いりぐち)"", ""reading"": ""いりぐち"", ""meanings"": [""entrance""]}, {""written_raw"": ""入れる"", ""written_furigana"": ""{入}(い)れる"", ""reading"": ""いれる"", ""meanings"": [""to put in""]}, {""written_raw"": ""入る"", ""written_furigana"": ""{入}(はい)る"", ""reading"": ""はいる"", ""meanings"": [""to enter"", ""to contain"", ""to hold""]}]","{""level_map"": ""Bluskyo/JLPT_Vocabulary (Jonathan Waller/Tanos)"", ""dictionary"": ""KANJIDIC2"", ""components"": ""KRADFILE visible components""}"
n5-kanji-0030,N5,30,30,学,"[""study"", ""learning"", ""science""]","{""onyomi"": [""ガク""], ""kunyomi"": [""まな.ぶ""], ""nanori"": [""たか"", ""のり""]}",8,1,63,[39],[],"[{""symbol"": ""子"", ""meanings"": [""child"", ""sign of the rat"", ""11PM-1AM""]}, {""symbol"": ""尚"", ""meanings"": [""esteem"", ""furthermore"", ""still""]}, {""symbol"": ""冖"", ""meanings"": [""wa-shaped crown radical (no. 14)""]}]",False,"[{""written_raw"": ""学生"", ""written_furigana"": ""{学生}(がくせい)"", ""reading"": ""がくせい"", ""meanings"": [""student""]}, {""written_raw"": ""大学"", ""written_furigana"": ""{大学}(だいがく)"", ""reading"": ""だいがく"", ""meanings"": [""college"", ""university""]}, {""written_raw"": ""留学生"", ""written_furigana"": ""{留学生}(りゅうがくせい)"", ""reading"": ""りゅうがくせい"", ""meanings"": [""international student""]}, {""written_raw"": ""学校"", ""written_furigana"": ""{学校}(がっこう)"", ""reading"": ""がっこう"", ""meanings"": [""a school""]}]","{""level_map"": ""Bluskyo/JLPT_Vocabulary (Jonathan Waller/Tanos)"", ""dictionary"": ""KANJIDIC2"", ""components"": ""KRADFILE visible components""}"
n5-kanji-0031,N5,31,31,高,"[""tall"", ""high"", ""expensive""]","{""onyomi"": [""コウ""], ""kunyomi"": [""たか.い"", ""たか"", ""-だか"", ""たか.まる"", ""たか.める""], ""nanori"": [""か"", ""こ"", ""じょい"", ""た"", ""はか""]}",10,2,65,[189],[],"[{""symbol"": ""口"", ""meanings"": [""mouth""]}, {""symbol"": ""亠"", ""meanings"": [""kettle lid radical (no. 8)""]}, {""symbol"": ""冂"", ""meanings"": [""upside-down box radical (no. 13)""]}]",False,"[{""written_raw"": ""高い"", ""written_furigana"": ""{高}(たか)い"", ""reading"": ""たかい"", ""meanings"": [""tall"", ""high"", ""expensive""]}]","{""level_map"": ""Bluskyo/JLPT_Vocabulary (Jonathan Waller/Tanos)"", ""dictionary"": ""KANJIDIC2"", ""components"": ""KRADFILE visible components""}"
n5-kanji-0032,N5,32,32,円,"[""circle"", ""yen"", ""round""]","{""onyomi"": [""エン""], ""kunyomi"": [""まる.い"", ""まる"", ""まど"", ""まど.か"", ""まろ.やか""], ""nanori"": [""つぶら"", ""のぶ"", ""まどか"", ""みつ""]}",4,1,69,[13],[],"[{""symbol"": ""冂"", ""meanings"": [""upside-down box radical (no. 13)""]}, {""symbol"": ""亠"", ""meanings"": [""kettle lid radical (no. 8)""]}, {""symbol"": ""一"", ""meanings"": [""one"", ""one radical (no.1)""]}, {""symbol"": ""｜"", ""meanings"": []}]",False,"[{""written_raw"": ""〜円"", ""written_furigana"": ""〜{円}(えん)"", ""reading"": ""〜えん"", ""meanings"": [""Yen""]}, {""written_raw"": ""丸い"", ""written_furigana"": ""{丸}(まる)い"", ""reading"": ""まるい"", ""meanings"": [""round"", ""circular""]}]","{""level_map"": ""Bluskyo/JLPT_Vocabulary (Jonathan Waller/Tanos)"", ""dictionary"": ""KANJIDIC2"", ""components"": ""KRADFILE visible components""}"
n5-kanji-0033,N5,33,33,子,"[""child"", ""sign of the rat"", ""11PM-1AM"", ""first sign of Chinese zodiac""]","{""onyomi"": [""シ"", ""ス"", ""ツ""], ""kunyomi"": [""こ"", ""-こ"", ""ね""], ""nanori"": [""い"", ""き"", ""ぎ"", ""く"", ""け"", ""ねっ""]}",3,1,72,[39],[],[],True,"[{""written_raw"": ""帽子"", ""written_furigana"": ""{帽子}(ぼうし)"", ""reading"": ""ぼうし"", ""meanings"": [""hat"", ""cap""]}, {""written_raw"": ""子供"", ""written_furigana"": ""{子供}(こども)"", ""reading"": ""こども"", ""meanings"": [""child(ren)""]}, {""written_raw"": ""お菓子"", ""written_furigana"": ""お{菓子}(かし)"", ""reading"": ""おかし"", ""meanings"": [""confections"", ""sweets"", ""snack""]}, {""written_raw"": ""男の子"", ""written_furigana"": ""{男}(おとこ)の{子}(こ)"", ""reading"": ""おとこのこ"", ""meanings"": [""boy""]}, {""written_raw"": ""女の子"", ""written_furigana"": ""{女}(おんな)の{子}(こ)"", ""reading"": ""おんなのこ"", ""meanings"": [""girl""]}]","{""level_map"": ""Bluskyo/JLPT_Vocabulary (Jonathan Waller/Tanos)"", ""dictionary"": ""KANJIDIC2"", ""components"": ""KRADFILE visible components""}"
n5-kanji-0034,N5,34,34,外,"[""outside""]","{""onyomi"": [""ガイ"", ""ゲ""], ""kunyomi"": [""そと"", ""ほか"", ""はず.す"", ""はず.れる"", ""と-""], ""nanori"": [""うい"", ""け"", ""ふか""]}",5,2,81,[36],[],"[{""symbol"": ""卜"", ""meanings"": [""divining"", ""fortune-telling"", ""divination or katakana to radical (no. 25)""]}, {""symbol"": ""夕"", ""meanings"": [""evening""]}]",False,"[{""written_raw"": ""外国"", ""written_furigana"": ""{外国}(がいこく)"", ""reading"": ""がいこく"", ""meanings"": [""foreign country"", ""abroad""]}, {""written_raw"": ""外国人"", ""written_furigana"": ""{外国人}(がいこくじん)"", ""reading"": ""がいこくじん"", ""meanings"": [""foreigner""]}, {""written_raw"": ""外"", ""written_furigana"": ""{外}(そと)"", ""reading"": ""そと"", ""meanings"": [""outside"", ""exterior""]}, {""written_raw"": ""外"", ""written_furigana"": ""{外}(ほか)"", ""reading"": ""ほか"", ""meanings"": [""other"", ""the rest""]}]","{""level_map"": ""Bluskyo/JLPT_Vocabulary (Jonathan Waller/Tanos)"", ""dictionary"": ""KANJIDIC2"", ""components"": ""KRADFILE visible components""}"
n5-kanji-0035,N5,35,35,八,"[""eight"", ""eight radical (no. 12)""]","{""onyomi"": [""ハチ"", ""ハツ""], ""kunyomi"": [""や"", ""や.つ"", ""やっ.つ"", ""よう""], ""nanori"": [""な"", ""は"", ""はっ"", ""やち"", ""やつ""]}",2,1,92,[12],"[""はちがしら""]","[{""symbol"": ""ハ"", ""meanings"": []}]",False,"[{""written_raw"": ""八つ"", ""written_furigana"": ""{八}(やっ)つ"", ""reading"": ""やっつ"", ""meanings"": [""eight things""]}, {""written_raw"": ""八日"", ""written_furigana"": ""{八日}(ようか)"", ""reading"": ""ようか"", ""meanings"": [""eight days"", ""eighth day of the month""]}, {""written_raw"": ""八"", ""written_furigana"": ""{八}(はち)"", ""reading"": ""はち"", ""meanings"": [""eight""]}, {""written_raw"": ""八百屋"", ""written_furigana"": ""{八百屋}(やおや)"", ""reading"": ""やおや"", ""meanings"": [""greengrocer""]}]","{""level_map"": ""Bluskyo/JLPT_Vocabulary (Jonathan Waller/Tanos)"", ""dictionary"": ""KANJIDIC2"", ""components"": ""KRADFILE visible components""}"
n5-kanji-0036,N5,36,36,六,"[""six""]","{""onyomi"": [""ロク"", ""リク""], ""kunyomi"": [""む"", ""む.つ"", ""むっ.つ"", ""むい""], ""nanori"": [""く"", ""むつ"", ""ろっ"", ""ろつ""]}",4,1,93,[12],[],"[{""symbol"": ""ハ"", ""meanings"": []}, {""symbol"": ""亠"", ""meanings"": [""kettle lid radical (no. 8)""]}]",False,"[{""written_raw"": ""六つ"", ""written_furigana"": ""{六}(むっ)つ"", ""reading"": ""むっつ"", ""meanings"": [""six things""]}, {""written_raw"": ""六日"", ""written_furigana"": ""{六日}(むいか)"", ""reading"": ""むいか"", ""meanings"": [""six days"", ""sixth day of month""]}, {""written_raw"": ""六"", ""written_furigana"": ""{六}(ろく)"", ""reading"": ""ろく"", ""meanings"": [""six""]}]","{""level_map"": ""Bluskyo/JLPT_Vocabulary (Jonathan Waller/Tanos)"", ""dictionary"": ""KANJIDIC2"", ""components"": ""KRADFILE visible components""}"
n5-kanji-0037,N5,37,37,下,"[""below"", ""down"", ""descend"", ""give"", ""low"", ""inferior""]","{""onyomi"": [""カ"", ""ゲ""], ""kunyomi"": [""した"", ""しも"", ""もと"", ""さ.げる"", ""さ.がる"", ""くだ.る"", ""くだ.り"", ""くだ.す"", ""-くだ.す"", ""くだ.さる"", ""お.ろす"", ""お.りる""], ""nanori"": [""さか"", ""しと""]}",3,1,97,[1],[],"[{""symbol"": ""｜"", ""meanings"": []}, {""symbol"": ""一"", ""meanings"": [""one"", ""one radical (no.1)""]}, {""symbol"": ""卜"", ""meanings"": [""divining"", ""fortune-telling"", ""divination or katakana to radical (no. 25)""]}]",False,"[{""written_raw"": ""地下鉄"", ""written_furigana"": ""{地下鉄}(ちかてつ)"", ""reading"": ""ちかてつ"", ""meanings"": [""underground train"", ""subway""]}, {""written_raw"": ""靴下"", ""written_furigana"": ""{靴下}(くつした)"", ""reading"": ""くつした"", ""meanings"": [""socks""]}, {""written_raw"": ""下さい"", ""written_furigana"": ""{下}(くだ)さい"", ""reading"": ""ください"", ""meanings"": [""(with te-form verb) please do for me""]}, {""written_raw"": ""下"", ""written_furigana"": ""{下}(した)"", ""reading"": ""した"", ""meanings"": [""under"", ""below"", ""beneath""]}, {""written_raw"": ""下手"", ""written_furigana"": ""{下手}(へた)"", ""reading"": ""へた"", ""meanings"": [""unskillful"", ""poor""]}]","{""level_map"": ""Bluskyo/JLPT_Vocabulary (Jonathan Waller/Tanos)"", ""dictionary"": ""KANJIDIC2"", ""components"": ""KRADFILE visible components""}"
n5-kanji-0038,N5,38,38,来,"[""come"", ""due"", ""next"", ""cause"", ""become""]","{""onyomi"": [""ライ"", ""タイ""], ""kunyomi"": [""く.る"", ""きた.る"", ""きた.す"", ""き.たす"", ""き.たる"", ""き"", ""こ""], ""nanori"": [""くり"", ""くる"", ""ごろ"", ""さ""]}",7,2,102,[75],[],"[{""symbol"": ""｜"", ""meanings"": []}, {""symbol"": ""二"", ""meanings"": [""two"", ""two radical (no. 7)""]}, {""symbol"": ""米"", ""meanings"": [""rice"", ""USA"", ""metre""]}, {""symbol"": ""亠"", ""meanings"": [""kettle lid radical (no. 8)""]}, {""symbol"": ""木"", ""meanings"": [""tree"", ""wood""]}]",False,"[{""written_raw"": ""来週"", ""written_furigana"": ""{来週}(らいしゅう)"", ""reading"": ""らいしゅう"", ""meanings"": [""next week""]}, {""written_raw"": ""来年"", ""written_furigana"": ""{来年}(らいねん)"", ""reading"": ""らいねん"", ""meanings"": [""next year""]}, {""written_raw"": ""来月"", ""written_furigana"": ""{来月}(らいげつ)"", ""reading"": ""らいげつ"", ""meanings"": [""next month""]}, {""written_raw"": ""来る"", ""written_furigana"": ""{来}(く)る"", ""reading"": ""くる"", ""meanings"": [""to come""]}, {""written_raw"": ""さ来年"", ""written_furigana"": ""さ{来年}(らいねん)"", ""reading"": ""さらいねん"", ""meanings"": [""year after next""]}]","{""level_map"": ""Bluskyo/JLPT_Vocabulary (Jonathan Waller/Tanos)"", ""dictionary"": ""KANJIDIC2"", ""components"": ""KRADFILE visible components""}"
n5-kanji-0039,N5,39,39,気,"[""spirit"", ""mind"", ""air"", ""atmosphere"", ""mood""]","{""onyomi"": [""キ"", ""ケ""], ""kunyomi"": [""いき"", ""き""], ""nanori"": []}",6,1,113,[84],[],"[{""symbol"": ""气"", ""meanings"": [""spirit"", ""steam radical (no. 84)""]}, {""symbol"": ""丶"", ""meanings"": [""dot"", ""tick or dot radical (no. 3)""]}, {""symbol"": ""ノ"", ""meanings"": []}, {""symbol"": ""乞"", ""meanings"": [""beg"", ""invite"", ""ask""]}]",False,"[{""written_raw"": ""天気"", ""written_furigana"": ""{天気}(てんき)"", ""reading"": ""てんき"", ""meanings"": [""weather""]}, {""written_raw"": ""電気"", ""written_furigana"": ""{電気}(でんき)"", ""reading"": ""でんき"", ""meanings"": [""electricity"", ""(electric) light""]}, {""written_raw"": ""病気"", ""written_furigana"": ""{病気}(びょうき)"", ""reading"": ""びょうき"", ""meanings"": [""illness"", ""sickness""]}, {""written_raw"": ""元気"", ""written_furigana"": ""{元気}(げんき)"", ""reading"": ""げんき"", ""meanings"": [""health(y)"", ""energetic""]}]","{""level_map"": ""Bluskyo/JLPT_Vocabulary (Jonathan Waller/Tanos)"", ""dictionary"": ""KANJIDIC2"", ""components"": ""KRADFILE visible components""}"
n5-kanji-0040,N5,40,40,小,"[""little"", ""small""]","{""onyomi"": [""ショウ""], ""kunyomi"": [""ちい.さい"", ""こ-"", ""お-"", ""さ-""], ""nanori"": [""いさら"", ""こう"", ""さざ"", ""しゃお"", ""ちいさ""]}",3,1,114,[42],[],[],True,"[{""written_raw"": ""小さい"", ""written_furigana"": ""{小}(ちい)さい"", ""reading"": ""ちいさい"", ""meanings"": [""small"", ""little""]}, {""written_raw"": ""小さな"", ""written_furigana"": ""{小}(ちい)さな"", ""reading"": ""ちいさな"", ""meanings"": [""small"", ""little""]}]","{""level_map"": ""Bluskyo/JLPT_Vocabulary (Jonathan Waller/Tanos)"", ""dictionary"": ""KANJIDIC2"", ""components"": ""KRADFILE visible components""}"
n5-kanji-0041,N5,41,41,七,"[""seven""]","{""onyomi"": [""シチ""], ""kunyomi"": [""なな"", ""なな.つ"", ""なの""], ""nanori"": [""し"", ""しっ"", ""な"", ""ひち""]}",2,1,115,[1],[],"[{""symbol"": ""乙"", ""meanings"": [""the latter"", ""duplicate"", ""strange""]}, {""symbol"": ""匕"", ""meanings"": [""spoon"", ""spoon or katakana hi radical (no. 21)""]}, {""symbol"": ""ノ"", ""meanings"": []}]",False,"[{""written_raw"": ""七つ"", ""written_furigana"": ""{七}(なな)つ"", ""reading"": ""ななつ"", ""meanings"": [""seven things""]}, {""written_raw"": ""七日"", ""written_furigana"": ""{七日}(なのか)"", ""reading"": ""なのか"", ""meanings"": [""seven days"", ""seventh day (of the month)""]}, {""written_raw"": ""七"", ""written_furigana"": ""{七}(しち)"", ""reading"": ""しち"", ""meanings"": [""seven""]}]","{""level_map"": ""Bluskyo/JLPT_Vocabulary (Jonathan Waller/Tanos)"", ""dictionary"": ""KANJIDIC2"", ""components"": ""KRADFILE visible components""}"
n5-kanji-0042,N5,42,42,山,"[""mountain""]","{""onyomi"": [""サン"", ""セン""], ""kunyomi"": [""やま""], ""nanori"": [""さ"", ""やの"", ""やん""]}",3,1,131,[46],[],[],True,"[{""written_raw"": ""山"", ""written_furigana"": ""{山}(やま)"", ""reading"": ""やま"", ""meanings"": [""mountain""]}, {""written_raw"": ""沢山"", ""written_furigana"": ""{沢山}(たくさん)"", ""reading"": ""たくさん"", ""meanings"": [""many"", ""much""]}]","{""level_map"": ""Bluskyo/JLPT_Vocabulary (Jonathan Waller/Tanos)"", ""dictionary"": ""KANJIDIC2"", ""components"": ""KRADFILE visible components""}"
n5-kanji-0043,N5,43,43,話,"[""tale"", ""talk""]","{""onyomi"": [""ワ""], ""kunyomi"": [""はな.す"", ""はなし""], ""nanori"": []}",13,2,134,[149],[],"[{""symbol"": ""言"", ""meanings"": [""say"", ""word""]}, {""symbol"": ""口"", ""meanings"": [""mouth""]}, {""symbol"": ""舌"", ""meanings"": [""tongue"", ""reed"", ""clapper""]}]",False,"[{""written_raw"": ""電話"", ""written_furigana"": ""{電話}(でんわ)"", ""reading"": ""でんわ"", ""meanings"": [""a telephone""]}, {""written_raw"": ""話"", ""written_furigana"": ""{話}(はなし)"", ""reading"": ""はなし"", ""meanings"": [""talk (chat)"", ""story""]}, {""written_raw"": ""話す"", ""written_furigana"": ""{話}(はな)す"", ""reading"": ""はなす"", ""meanings"": [""to speak""]}]","{""level_map"": ""Bluskyo/JLPT_Vocabulary (Jonathan Waller/Tanos)"", ""dictionary"": ""KANJIDIC2"", ""components"": ""KRADFILE visible components""}"
n5-kanji-0044,N5,44,44,女,"[""woman"", ""female""]","{""onyomi"": [""ジョ"", ""ニョ"", ""ニョウ""], ""kunyomi"": [""おんな"", ""め""], ""nanori"": [""おな"", ""た"", ""つき"", ""な""]}",3,1,151,[38],[],[],True,"[{""written_raw"": ""女の子"", ""written_furigana"": ""{女}(おんな)の{子}(こ)"", ""reading"": ""おんなのこ"", ""meanings"": [""girl""]}, {""written_raw"": ""女"", ""written_furigana"": ""{女}(おんな)"", ""reading"": ""おんな"", ""meanings"": [""woman"", ""female""]}]","{""level_map"": ""Bluskyo/JLPT_Vocabulary (Jonathan Waller/Tanos)"", ""dictionary"": ""KANJIDIC2"", ""components"": ""KRADFILE visible components""}"
n5-kanji-0045,N5,45,45,北,"[""north""]","{""onyomi"": [""ホク""], ""kunyomi"": [""きた""], ""nanori"": [""きら"", ""ほう"", ""ほっ"", ""ほつ""]}",5,2,153,[21],[],"[{""symbol"": ""匕"", ""meanings"": [""spoon"", ""spoon or katakana hi radical (no. 21)""]}, {""symbol"": ""爿"", ""meanings"": [""left-side kata radical (no. 90)""]}]",False,"[{""written_raw"": ""北"", ""written_furigana"": ""{北}(きた)"", ""reading"": ""きた"", ""meanings"": [""north""]}]","{""level_map"": ""Bluskyo/JLPT_Vocabulary (Jonathan Waller/Tanos)"", ""dictionary"": ""KANJIDIC2"", ""components"": ""KRADFILE visible components""}"
n5-kanji-0046,N5,46,46,午,"[""noon"", ""sign of the horse"", ""11AM-1PM"", ""seventh sign of Chinese zodiac""]","{""onyomi"": [""ゴ""], ""kunyomi"": [""うま""], ""nanori"": []}",4,2,154,[24],[],"[{""symbol"": ""ノ"", ""meanings"": []}, {""symbol"": ""干"", ""meanings"": [""dry"", ""parch"", ""ebb""]}, {""symbol"": ""十"", ""meanings"": [""ten""]}, {""symbol"": ""乞"", ""meanings"": [""beg"", ""invite"", ""ask""]}]",False,"[{""written_raw"": ""午後"", ""written_furigana"": ""{午後}(ごご)"", ""reading"": ""ごご"", ""meanings"": [""afternoon"", ""P.M.""]}, {""written_raw"": ""午前"", ""written_furigana"": ""{午前}(ごぜん)"", ""reading"": ""ごぜん"", ""meanings"": [""morning"", ""A.M.""]}]","{""level_map"": ""Bluskyo/JLPT_Vocabulary (Jonathan Waller/Tanos)"", ""dictionary"": ""KANJIDIC2"", ""components"": ""KRADFILE visible components""}"
n5-kanji-0047,N5,47,47,百,"[""hundred""]","{""onyomi"": [""ヒャク"", ""ビャク""], ""kunyomi"": [""もも""], ""nanori"": [""お"", ""ど"", ""どう"", ""なり"", ""ひゃっ"", ""ひゅく"", ""も"", ""もんど"", ""ゆう""]}",6,1,163,[106],[],"[{""symbol"": ""一"", ""meanings"": [""one"", ""one radical (no.1)""]}, {""symbol"": ""白"", ""meanings"": [""white""]}]",False,"[{""written_raw"": ""百"", ""written_furigana"": ""{百}(ひゃく)"", ""reading"": ""ひゃく"", ""meanings"": [""hundred""]}, {""written_raw"": ""八百屋"", ""written_furigana"": ""{八百屋}(やおや)"", ""reading"": ""やおや"", ""meanings"": [""greengrocer""]}]","{""level_map"": ""Bluskyo/JLPT_Vocabulary (Jonathan Waller/Tanos)"", ""dictionary"": ""KANJIDIC2"", ""components"": ""KRADFILE visible components""}"
n5-kanji-0048,N5,48,48,書,"[""write""]","{""onyomi"": [""ショ""], ""kunyomi"": [""か.く"", ""-が.き"", ""-がき""], ""nanori"": [""かき""]}",10,2,169,[73],[],"[{""symbol"": ""日"", ""meanings"": [""day"", ""sun"", ""Japan""]}, {""symbol"": ""聿"", ""meanings"": [""brush"", ""finally"", ""self""]}]",False,"[{""written_raw"": ""辞書"", ""written_furigana"": ""{辞書}(じしょ)"", ""reading"": ""じしょ"", ""meanings"": [""dictionary""]}, {""written_raw"": ""図書館"", ""written_furigana"": ""{図書館}(としょかん)"", ""reading"": ""としょかん"", ""meanings"": [""library""]}, {""written_raw"": ""葉書"", ""written_furigana"": ""{葉書}(はがき)"", ""reading"": ""はがき"", ""meanings"": [""postcard""]}, {""written_raw"": ""書く"", ""written_furigana"": ""{書}(か)く"", ""reading"": ""かく"", ""meanings"": [""to write""]}]","{""level_map"": ""Bluskyo/JLPT_Vocabulary (Jonathan Waller/Tanos)"", ""dictionary"": ""KANJIDIC2"", ""components"": ""KRADFILE visible components""}"
n5-kanji-0049,N5,49,49,先,"[""before"", ""ahead"", ""previous"", ""future"", ""precedence""]","{""onyomi"": [""セン""], ""kunyomi"": [""さき"", ""ま.ず""], ""nanori"": [""ぽん""]}",6,1,173,[10],[],"[{""symbol"": ""ノ"", ""meanings"": []}, {""symbol"": ""土"", ""meanings"": [""soil"", ""earth"", ""ground""]}, {""symbol"": ""儿"", ""meanings"": [""legs radical (no. 10)""]}]",False,"[{""written_raw"": ""先生"", ""written_furigana"": ""{先生}(せんせい)"", ""reading"": ""せんせい"", ""meanings"": [""teacher"", ""professor"", ""master"", ""doctor""]}, {""written_raw"": ""先週"", ""written_furigana"": ""{先週}(せんしゅう)"", ""reading"": ""せんしゅう"", ""meanings"": [""last week""]}, {""written_raw"": ""先月"", ""written_furigana"": ""{先月}(せんげつ)"", ""reading"": ""せんげつ"", ""meanings"": [""last month""]}, {""written_raw"": ""先"", ""written_furigana"": ""{先}(さき)"", ""reading"": ""さき"", ""meanings"": [""future"", ""recent"", ""previous""]}]","{""level_map"": ""Bluskyo/JLPT_Vocabulary (Jonathan Waller/Tanos)"", ""dictionary"": ""KANJIDIC2"", ""components"": ""KRADFILE visible components""}"
n5-kanji-0050,N5,50,50,名,"[""name"", ""noted"", ""distinguished"", ""reputation""]","{""onyomi"": [""メイ"", ""ミョウ""], ""kunyomi"": [""な"", ""-な""], ""nanori"": [""と""]}",6,1,177,[30],[],"[{""symbol"": ""口"", ""meanings"": [""mouth""]}, {""symbol"": ""夕"", ""meanings"": [""evening""]}]",False,"[{""written_raw"": ""名前"", ""written_furigana"": ""{名前}(なまえ)"", ""reading"": ""なまえ"", ""meanings"": [""name""]}, {""written_raw"": ""片仮名"", ""written_furigana"": ""{片仮名}(かたかな)"", ""reading"": ""かたかな"", ""meanings"": [""katakana""]}, {""written_raw"": ""平仮名"", ""written_furigana"": ""{平仮名}(ひらがな)"", ""reading"": ""ひらがな"", ""meanings"": [""hiragana""]}, {""written_raw"": ""有名"", ""written_furigana"": ""{有名}(ゆうめい)"", ""reading"": ""ゆうめい"", ""meanings"": [""famous""]}]","{""level_map"": ""Bluskyo/JLPT_Vocabulary (Jonathan Waller/Tanos)"", ""dictionary"": ""KANJIDIC2"", ""components"": ""KRADFILE visible components""}"
n5-kanji-0051,N5,51,51,川,"[""stream"", ""river"", ""river or three-stroke river radical (no. 47)""]","{""onyomi"": [""セン""], ""kunyomi"": [""かわ""], ""nanori"": [""か"", ""こ"", ""さわ""]}",3,1,181,[47],"[""さんぼんがわ""]",[],True,"[{""written_raw"": ""川"", ""written_furigana"": ""{川}(かわ)"", ""reading"": ""かわ"", ""meanings"": [""river""]}]","{""level_map"": ""Bluskyo/JLPT_Vocabulary (Jonathan Waller/Tanos)"", ""dictionary"": ""KANJIDIC2"", ""components"": ""KRADFILE visible components""}"
n5-kanji-0052,N5,52,52,千,"[""thousand""]","{""onyomi"": [""セン""], ""kunyomi"": [""ち""], ""nanori"": [""かず"", ""ゆき""]}",3,1,195,[24],[],"[{""symbol"": ""ノ"", ""meanings"": []}, {""symbol"": ""十"", ""meanings"": [""ten""]}]",False,"[{""written_raw"": ""千"", ""written_furigana"": ""{千}(せん)"", ""reading"": ""せん"", ""meanings"": [""thousand""]}]","{""level_map"": ""Bluskyo/JLPT_Vocabulary (Jonathan Waller/Tanos)"", ""dictionary"": ""KANJIDIC2"", ""components"": ""KRADFILE visible components""}"
n5-kanji-0053,N5,53,53,水,"[""water""]","{""onyomi"": [""スイ""], ""kunyomi"": [""みず"", ""みず-""], ""nanori"": [""うず"", ""ずみ"", ""つ"", ""ど"", ""み"", ""みさ"", ""みつ"", ""みな"", ""みん""]}",4,1,223,[85],[],[],True,"[{""written_raw"": ""水"", ""written_furigana"": ""{水}(みず)"", ""reading"": ""みず"", ""meanings"": [""water""]}, {""written_raw"": ""水曜日"", ""written_furigana"": ""{水曜日}(すいようび)"", ""reading"": ""すいようび"", ""meanings"": [""Wednesday""]}]","{""level_map"": ""Bluskyo/JLPT_Vocabulary (Jonathan Waller/Tanos)"", ""dictionary"": ""KANJIDIC2"", ""components"": ""KRADFILE visible components""}"
n5-kanji-0054,N5,54,54,半,"[""half"", ""middle"", ""odd number"", ""semi-"", ""part-""]","{""onyomi"": [""ハン""], ""kunyomi"": [""なか.ば""], ""nanori"": [""は""]}",5,2,224,[24],[],"[{""symbol"": ""｜"", ""meanings"": []}, {""symbol"": ""二"", ""meanings"": [""two"", ""two radical (no. 7)""]}, {""symbol"": ""并"", ""meanings"": [""put together""]}, {""symbol"": ""十"", ""meanings"": [""ten""]}]",False,"[{""written_raw"": ""半"", ""written_furigana"": ""{半}(はん)"", ""reading"": ""はん"", ""meanings"": [""half (e.g., にじはん | half-past two)""]}, {""written_raw"": ""半分"", ""written_furigana"": ""{半分}(はんぶん)"", ""reading"": ""はんぶん"", ""meanings"": [""half""]}]","{""level_map"": ""Bluskyo/JLPT_Vocabulary (Jonathan Waller/Tanos)"", ""dictionary"": ""KANJIDIC2"", ""components"": ""KRADFILE visible components""}"
n5-kanji-0055,N5,55,55,男,"[""male""]","{""onyomi"": [""ダン"", ""ナン""], ""kunyomi"": [""おとこ"", ""お""], ""nanori"": [""み""]}",7,1,240,[102],[],"[{""symbol"": ""田"", ""meanings"": [""rice field"", ""rice paddy""]}, {""symbol"": ""力"", ""meanings"": [""power"", ""strength"", ""strong""]}]",False,"[{""written_raw"": ""男の子"", ""written_furigana"": ""{男}(おとこ)の{子}(こ)"", ""reading"": ""おとこのこ"", ""meanings"": [""boy""]}, {""written_raw"": ""男"", ""written_furigana"": ""{男}(おとこ)"", ""reading"": ""おとこ"", ""meanings"": [""man"", ""male""]}]","{""level_map"": ""Bluskyo/JLPT_Vocabulary (Jonathan Waller/Tanos)"", ""dictionary"": ""KANJIDIC2"", ""components"": ""KRADFILE visible components""}"
n5-kanji-0056,N5,56,56,西,"[""west"", ""Spain""]","{""onyomi"": [""セイ"", ""サイ"", ""ス""], ""kunyomi"": [""にし""], ""nanori"": [""いり"", ""ひし"", ""むら""]}",6,2,259,[146],[],[],True,"[{""written_raw"": ""西"", ""written_furigana"": ""{西}(にし)"", ""reading"": ""にし"", ""meanings"": [""west""]}]","{""level_map"": ""Bluskyo/JLPT_Vocabulary (Jonathan Waller/Tanos)"", ""dictionary"": ""KANJIDIC2"", ""components"": ""KRADFILE visible components""}"
n5-kanji-0057,N5,57,57,電,"[""electricity""]","{""onyomi"": [""デン""], ""kunyomi"": [], ""nanori"": []}",13,2,268,[173],[],"[{""symbol"": ""雨"", ""meanings"": [""rain""]}, {""symbol"": ""田"", ""meanings"": [""rice field"", ""rice paddy""]}, {""symbol"": ""乙"", ""meanings"": [""the latter"", ""duplicate"", ""strange""]}]",False,"[{""written_raw"": ""電話"", ""written_furigana"": ""{電話}(でんわ)"", ""reading"": ""でんわ"", ""meanings"": [""a telephone""]}, {""written_raw"": ""電気"", ""written_furigana"": ""{電気}(でんき)"", ""reading"": ""でんき"", ""meanings"": [""electricity"", ""(electric) light""]}, {""written_raw"": ""電車"", ""written_furigana"": ""{電車}(でんしゃ)"", ""reading"": ""でんしゃ"", ""meanings"": [""electric train""]}]","{""level_map"": ""Bluskyo/JLPT_Vocabulary (Jonathan Waller/Tanos)"", ""dictionary"": ""KANJIDIC2"", ""components"": ""KRADFILE visible components""}"
n5-kanji-0058,N5,58,58,校,"[""exam"", ""school"", ""printing"", ""proof"", ""correction""]","{""onyomi"": [""コウ"", ""キョウ""], ""kunyomi"": [], ""nanori"": [""めん""]}",10,1,294,[75],[],"[{""symbol"": ""父"", ""meanings"": [""father""]}, {""symbol"": ""木"", ""meanings"": [""tree"", ""wood""]}, {""symbol"": ""亠"", ""meanings"": [""kettle lid radical (no. 8)""]}]",False,"[{""written_raw"": ""学校"", ""written_furigana"": ""{学校}(がっこう)"", ""reading"": ""がっこう"", ""meanings"": [""a school""]}]","{""level_map"": ""Bluskyo/JLPT_Vocabulary (Jonathan Waller/Tanos)"", ""dictionary"": ""KANJIDIC2"", ""components"": ""KRADFILE visible components""}"
n5-kanji-0059,N5,59,59,語,"[""word"", ""speech"", ""language""]","{""onyomi"": [""ゴ""], ""kunyomi"": [""かた.る"", ""かた.らう""], ""nanori"": []}",14,2,301,[149],[],"[{""symbol"": ""言"", ""meanings"": [""say"", ""word""]}, {""symbol"": ""口"", ""meanings"": [""mouth""]}, {""symbol"": ""五"", ""meanings"": [""five""]}]",False,"[{""written_raw"": ""英語"", ""written_furigana"": ""{英語}(えいご)"", ""reading"": ""えいご"", ""meanings"": [""English (language)""]}, {""written_raw"": ""〜語"", ""written_furigana"": ""〜{語}(ご)"", ""reading"": ""〜ご"", ""meanings"": [""word"", ""language""]}]","{""level_map"": ""Bluskyo/JLPT_Vocabulary (Jonathan Waller/Tanos)"", ""dictionary"": ""KANJIDIC2"", ""components"": ""KRADFILE visible components""}"
n5-kanji-0060,N5,60,60,土,"[""soil"", ""earth"", ""ground"", ""Turkey""]","{""onyomi"": [""ド"", ""ト""], ""kunyomi"": [""つち""], ""nanori"": [""つく"", ""は"", ""ひじ""]}",3,1,307,[32],[],[],True,"[{""written_raw"": ""土曜日"", ""written_furigana"": ""{土曜日}(どようび)"", ""reading"": ""どようび"", ""meanings"": [""Saturday""]}]","{""level_map"": ""Bluskyo/JLPT_Vocabulary (Jonathan Waller/Tanos)"", ""dictionary"": ""KANJIDIC2"", ""components"": ""KRADFILE visible components""}"
n5-kanji-0061,N5,61,61,木,"[""tree"", ""wood""]","{""onyomi"": [""ボク"", ""モク""], ""kunyomi"": [""き"", ""こ-""], ""nanori"": [""ぐ"", ""も"", ""もと""]}",4,1,317,[75],[],[],True,"[{""written_raw"": ""木曜日"", ""written_furigana"": ""{木曜日}(もくようび)"", ""reading"": ""もくようび"", ""meanings"": [""Thursday""]}, {""written_raw"": ""木"", ""written_furigana"": ""{木}(き)"", ""reading"": ""き"", ""meanings"": [""tree"", ""wood"", ""timber""]}]","{""level_map"": ""Bluskyo/JLPT_Vocabulary (Jonathan Waller/Tanos)"", ""dictionary"": ""KANJIDIC2"", ""components"": ""KRADFILE visible components""}"
n5-kanji-0062,N5,62,62,聞,"[""hear"", ""ask"", ""listen""]","{""onyomi"": [""ブン"", ""モン""], ""kunyomi"": [""き.く"", ""き.こえる""], ""nanori"": []}",14,2,319,[128],[],"[{""symbol"": ""耳"", ""meanings"": [""ear""]}, {""symbol"": ""門"", ""meanings"": [""gate"", ""counter for cannons""]}]",False,"[{""written_raw"": ""新聞"", ""written_furigana"": ""{新聞}(しんぶん)"", ""reading"": ""しんぶん"", ""meanings"": [""newspaper""]}, {""written_raw"": ""聞く"", ""written_furigana"": ""{聞}(き)く"", ""reading"": ""きく"", ""meanings"": [""to hear"", ""to listen"", ""to ask""]}]","{""level_map"": ""Bluskyo/JLPT_Vocabulary (Jonathan Waller/Tanos)"", ""dictionary"": ""KANJIDIC2"", ""components"": ""KRADFILE visible components""}"
n5-kanji-0063,N5,63,63,食,"[""eat"", ""food""]","{""onyomi"": [""ショク"", ""ジキ""], ""kunyomi"": [""く.う"", ""く.らう"", ""た.べる"", ""は.む""], ""nanori"": [""ぐい""]}",9,2,328,[184],[],[],True,"[{""written_raw"": ""食べ物"", ""written_furigana"": ""{食}(た)べ{物}(もの)"", ""reading"": ""たべもの"", ""meanings"": [""food""]}, {""written_raw"": ""食堂"", ""written_furigana"": ""{食堂}(しょくどう)"", ""reading"": ""しょくどう"", ""meanings"": [""cafeteria"", ""dining hall""]}, {""written_raw"": ""食べる"", ""written_furigana"": ""{食}(た)べる"", ""reading"": ""たべる"", ""meanings"": [""to eat""]}]","{""level_map"": ""Bluskyo/JLPT_Vocabulary (Jonathan Waller/Tanos)"", ""dictionary"": ""KANJIDIC2"", ""components"": ""KRADFILE visible components""}"
n5-kanji-0064,N5,64,64,車,"[""car""]","{""onyomi"": [""シャ""], ""kunyomi"": [""くるま""], ""nanori"": [""くら"", ""くろま""]}",7,1,333,[159],[],[],True,"[{""written_raw"": ""自転車"", ""written_furigana"": ""{自転車}(じてんしゃ)"", ""reading"": ""じてんしゃ"", ""meanings"": [""bicycle""]}, {""written_raw"": ""電車"", ""written_furigana"": ""{電車}(でんしゃ)"", ""reading"": ""でんしゃ"", ""meanings"": [""electric train""]}, {""written_raw"": ""車"", ""written_furigana"": ""{車}(くるま)"", ""reading"": ""くるま"", ""meanings"": [""car"", ""vehicle""]}, {""written_raw"": ""自動車"", ""written_furigana"": ""{自動車}(じどうしゃ)"", ""reading"": ""じどうしゃ"", ""meanings"": [""automobile""]}]","{""level_map"": ""Bluskyo/JLPT_Vocabulary (Jonathan Waller/Tanos)"", ""dictionary"": ""KANJIDIC2"", ""components"": ""KRADFILE visible components""}"
n5-kanji-0065,N5,65,65,何,"[""what""]","{""onyomi"": [""カ""], ""kunyomi"": [""なに"", ""なん"", ""なに-"", ""なん-""], ""nanori"": [""あが""]}",7,2,340,[9],[],"[{""symbol"": ""化"", ""meanings"": [""change"", ""take the form of"", ""influence""]}, {""symbol"": ""口"", ""meanings"": [""mouth""]}, {""symbol"": ""亅"", ""meanings"": [""feathered stick"", ""barb radical (no. 6)""]}, {""symbol"": ""一"", ""meanings"": [""one"", ""one radical (no.1)""]}]",False,"[{""written_raw"": ""何"", ""written_furigana"": ""{何}(なん)"", ""reading"": ""なん"", ""meanings"": [""what""]}, {""written_raw"": ""何〜"", ""written_furigana"": ""{何}(なん)〜"", ""reading"": ""なん〜"", ""meanings"": [""what sort of ~""]}]","{""level_map"": ""Bluskyo/JLPT_Vocabulary (Jonathan Waller/Tanos)"", ""dictionary"": ""KANJIDIC2"", ""components"": ""KRADFILE visible components""}"
n5-kanji-0066,N5,66,66,南,"[""south""]","{""onyomi"": [""ナン"", ""ナ""], ""kunyomi"": [""みなみ""], ""nanori"": [""なみ"", ""は"", ""みな"", ""みまみ""]}",9,2,341,[24],[],"[{""symbol"": ""干"", ""meanings"": [""dry"", ""parch"", ""ebb""]}, {""symbol"": ""十"", ""meanings"": [""ten""]}, {""symbol"": ""并"", ""meanings"": [""put together""]}, {""symbol"": ""冂"", ""meanings"": [""upside-down box radical (no. 13)""]}]",False,"[{""written_raw"": ""南"", ""written_furigana"": ""{南}(みなみ)"", ""reading"": ""みなみ"", ""meanings"": [""South""]}]","{""level_map"": ""Bluskyo/JLPT_Vocabulary (Jonathan Waller/Tanos)"", ""dictionary"": ""KANJIDIC2"", ""components"": ""KRADFILE visible components""}"
n5-kanji-0067,N5,67,67,万,"[""ten thousand"", ""10,000""]","{""onyomi"": [""マン"", ""バン""], ""kunyomi"": [""よろず""], ""nanori"": [""かず"", ""ま"", ""ゆる""]}",3,2,375,[1],[],"[{""symbol"": ""｜"", ""meanings"": []}, {""symbol"": ""ノ"", ""meanings"": []}, {""symbol"": ""一"", ""meanings"": [""one"", ""one radical (no.1)""]}]",False,"[{""written_raw"": ""万"", ""written_furigana"": ""{万}(まん)"", ""reading"": ""まん"", ""meanings"": [""ten thousand""]}, {""written_raw"": ""万年筆"", ""written_furigana"": ""{万年筆}(まんねんひつ)"", ""reading"": ""まんねんひつ"", ""meanings"": [""fountain pen""]}]","{""level_map"": ""Bluskyo/JLPT_Vocabulary (Jonathan Waller/Tanos)"", ""dictionary"": ""KANJIDIC2"", ""components"": ""KRADFILE visible components""}"
n5-kanji-0068,N5,68,68,毎,"[""every""]","{""onyomi"": [""マイ""], ""kunyomi"": [""ごと"", ""-ごと.に""], ""nanori"": [""つね""]}",6,2,436,[80],[],"[{""symbol"": ""母"", ""meanings"": [""mother""]}, {""symbol"": ""毋"", ""meanings"": [""do not"", ""must not"", ""be not""]}, {""symbol"": ""乞"", ""meanings"": [""beg"", ""invite"", ""ask""]}]",False,"[{""written_raw"": ""毎日"", ""written_furigana"": ""{毎日}(まいにち)"", ""reading"": ""まいにち"", ""meanings"": [""every day""]}, {""written_raw"": ""毎晩"", ""written_furigana"": ""{毎晩}(まいばん)"", ""reading"": ""まいばん"", ""meanings"": [""every night""]}, {""written_raw"": ""毎週"", ""written_furigana"": ""{毎週}(まいしゅう)"", ""reading"": ""まいしゅう"", ""meanings"": [""every week""]}, {""written_raw"": ""毎朝"", ""written_furigana"": ""{毎朝}(まいあさ)"", ""reading"": ""まいあさ"", ""meanings"": [""every morning""]}, {""written_raw"": ""毎月"", ""written_furigana"": ""{毎月}(まいげつ)"", ""reading"": ""まいげつ"", ""meanings"": [""every month"", ""monthly""]}]","{""level_map"": ""Bluskyo/JLPT_Vocabulary (Jonathan Waller/Tanos)"", ""dictionary"": ""KANJIDIC2"", ""components"": ""KRADFILE visible components""}"
n5-kanji-0069,N5,69,69,白,"[""white""]","{""onyomi"": [""ハク"", ""ビャク""], ""kunyomi"": [""しろ"", ""しら-"", ""しろ.い""], ""nanori"": [""あき"", ""か"", ""はっ""]}",5,1,483,[106],[],[],True,"[{""written_raw"": ""面白い"", ""written_furigana"": ""{面白}(おもしろ)い"", ""reading"": ""おもしろい"", ""meanings"": [""interesting"", ""amusing""]}, {""written_raw"": ""白い"", ""written_furigana"": ""{白}(しろ)い"", ""reading"": ""しろい"", ""meanings"": [""white""]}, {""written_raw"": ""白"", ""written_furigana"": ""{白}(しろ)"", ""reading"": ""しろ"", ""meanings"": [""white""]}]","{""level_map"": ""Bluskyo/JLPT_Vocabulary (Jonathan Waller/Tanos)"", ""dictionary"": ""KANJIDIC2"", ""components"": ""KRADFILE visible components""}"
n5-kanji-0070,N5,70,70,天,"[""heavens"", ""sky"", ""imperial""]","{""onyomi"": [""テン""], ""kunyomi"": [""あまつ"", ""あめ"", ""あま-""], ""nanori"": [""あき"", ""あも"", ""た"", ""たかし"", ""て"", ""なま""]}",4,1,512,[37],[],"[{""symbol"": ""一"", ""meanings"": [""one"", ""one radical (no.1)""]}, {""symbol"": ""大"", ""meanings"": [""large"", ""big""]}, {""symbol"": ""二"", ""meanings"": [""two"", ""two radical (no. 7)""]}]",False,"[{""written_raw"": ""天気"", ""written_furigana"": ""{天気}(てんき)"", ""reading"": ""てんき"", ""meanings"": [""weather""]}]","{""level_map"": ""Bluskyo/JLPT_Vocabulary (Jonathan Waller/Tanos)"", ""dictionary"": ""KANJIDIC2"", ""components"": ""KRADFILE visible components""}"
n5-kanji-0071,N5,71,71,母,"[""mother""]","{""onyomi"": [""ボ""], ""kunyomi"": [""はは"", ""も""], ""nanori"": []}",5,2,570,[80],[],"[{""symbol"": ""毋"", ""meanings"": [""do not"", ""must not"", ""be not""]}]",False,"[{""written_raw"": ""お母さん"", ""written_furigana"": ""お{母}(かあ)さん"", ""reading"": ""おかあさん"", ""meanings"": [""mother (formal)""]}, {""written_raw"": ""母"", ""written_furigana"": ""{母}(はは)"", ""reading"": ""はは"", ""meanings"": [""(my) mother""]}, {""written_raw"": ""伯母さん"", ""written_furigana"": ""{伯母}(おば)さん"", ""reading"": ""おばさん"", ""meanings"": [""aunt""]}]","{""level_map"": ""Bluskyo/JLPT_Vocabulary (Jonathan Waller/Tanos)"", ""dictionary"": ""KANJIDIC2"", ""components"": ""KRADFILE visible components""}"
n5-kanji-0072,N5,72,72,火,"[""fire""]","{""onyomi"": [""カ""], ""kunyomi"": [""ひ"", ""-び"", ""ほ-""], ""nanori"": []}",4,1,574,[86],[],[],True,"[{""written_raw"": ""火曜日"", ""written_furigana"": ""{火曜日}(かようび)"", ""reading"": ""かようび"", ""meanings"": [""Tuesday""]}]","{""level_map"": ""Bluskyo/JLPT_Vocabulary (Jonathan Waller/Tanos)"", ""dictionary"": ""KANJIDIC2"", ""components"": ""KRADFILE visible components""}"
n5-kanji-0073,N5,73,73,右,"[""right""]","{""onyomi"": [""ウ"", ""ユウ""], ""kunyomi"": [""みぎ""], ""nanori"": [""あき"", ""すけ""]}",5,1,602,[30],[],"[{""symbol"": ""ノ"", ""meanings"": []}, {""symbol"": ""一"", ""meanings"": [""one"", ""one radical (no.1)""]}, {""symbol"": ""口"", ""meanings"": [""mouth""]}]",False,"[{""written_raw"": ""右"", ""written_furigana"": ""{右}(みぎ)"", ""reading"": ""みぎ"", ""meanings"": [""right hand side""]}]","{""level_map"": ""Bluskyo/JLPT_Vocabulary (Jonathan Waller/Tanos)"", ""dictionary"": ""KANJIDIC2"", ""components"": ""KRADFILE visible components""}"
n5-kanji-0074,N5,74,74,読,"[""read""]","{""onyomi"": [""ドク"", ""トク"", ""トウ""], ""kunyomi"": [""よ.む"", ""-よ.み""], ""nanori"": [""よみ""]}",14,2,618,[149],[],"[{""symbol"": ""言"", ""meanings"": [""say"", ""word""]}, {""symbol"": ""士"", ""meanings"": [""gentleman"", ""scholar"", ""samurai""]}, {""symbol"": ""儿"", ""meanings"": [""legs radical (no. 10)""]}, {""symbol"": ""冖"", ""meanings"": [""wa-shaped crown radical (no. 14)""]}]",False,"[{""written_raw"": ""読む"", ""written_furigana"": ""{読}(よ)む"", ""reading"": ""よむ"", ""meanings"": [""to read""]}]","{""level_map"": ""Bluskyo/JLPT_Vocabulary (Jonathan Waller/Tanos)"", ""dictionary"": ""KANJIDIC2"", ""components"": ""KRADFILE visible components""}"
n5-kanji-0075,N5,75,75,友,"[""friend""]","{""onyomi"": [""ユウ""], ""kunyomi"": [""とも""], ""nanori"": [""う"", ""ど"", ""ゆ""]}",4,2,622,[29],[],"[{""symbol"": ""ノ"", ""meanings"": []}, {""symbol"": ""一"", ""meanings"": [""one"", ""one radical (no.1)""]}, {""symbol"": ""又"", ""meanings"": [""or again"", ""furthermore"", ""on the other hand""]}]",False,"[{""written_raw"": ""友達"", ""written_furigana"": ""{友達}(ともだち)"", ""reading"": ""ともだち"", ""meanings"": [""friend""]}]","{""level_map"": ""Bluskyo/JLPT_Vocabulary (Jonathan Waller/Tanos)"", ""dictionary"": ""KANJIDIC2"", ""components"": ""KRADFILE visible components""}"
n5-kanji-0076,N5,76,76,左,"[""left""]","{""onyomi"": [""サ"", ""シャ""], ""kunyomi"": [""ひだり""], ""nanori"": [""そ""]}",5,1,630,[48],[],"[{""symbol"": ""ノ"", ""meanings"": []}, {""symbol"": ""一"", ""meanings"": [""one"", ""one radical (no.1)""]}, {""symbol"": ""工"", ""meanings"": [""craft"", ""construction"", ""katakana e radical (no. 48)""]}]",False,"[{""written_raw"": ""左"", ""written_furigana"": ""{左}(ひだり)"", ""reading"": ""ひだり"", ""meanings"": [""left hand side""]}]","{""level_map"": ""Bluskyo/JLPT_Vocabulary (Jonathan Waller/Tanos)"", ""dictionary"": ""KANJIDIC2"", ""components"": ""KRADFILE visible components""}"
n5-kanji-0077,N5,77,77,休,"[""rest"", ""day off"", ""retire"", ""sleep""]","{""onyomi"": [""キュウ""], ""kunyomi"": [""やす.む"", ""やす.まる"", ""やす.める""], ""nanori"": []}",6,1,642,[9],[],"[{""symbol"": ""化"", ""meanings"": [""change"", ""take the form of"", ""influence""]}, {""symbol"": ""木"", ""meanings"": [""tree"", ""wood""]}]",False,"[{""written_raw"": ""休み"", ""written_furigana"": ""{休}(やす)み"", ""reading"": ""やすみ"", ""meanings"": [""holiday"", ""day off"", ""absence""]}, {""written_raw"": ""夏休み"", ""written_furigana"": ""{夏休}(なつやす)み"", ""reading"": ""なつやすみ"", ""meanings"": [""summer vacation""]}, {""written_raw"": ""休む"", ""written_furigana"": ""{休}(やす)む"", ""reading"": ""やすむ"", ""meanings"": [""to rest"", ""to have a break"", ""to get time off""]}]","{""level_map"": ""Bluskyo/JLPT_Vocabulary (Jonathan Waller/Tanos)"", ""dictionary"": ""KANJIDIC2"", ""components"": ""KRADFILE visible components""}"
n5-kanji-0078,N5,78,78,父,"[""father""]","{""onyomi"": [""フ""], ""kunyomi"": [""ちち""], ""nanori"": []}",4,2,646,[88],[],[],True,"[{""written_raw"": ""お父さん"", ""written_furigana"": ""お{父}(とう)さん"", ""reading"": ""おとうさん"", ""meanings"": [""father (formal)""]}, {""written_raw"": ""父"", ""written_furigana"": ""{父}(ちち)"", ""reading"": ""ちち"", ""meanings"": [""(my) father""]}, {""written_raw"": ""伯父"", ""written_furigana"": ""{伯父}(おじさん)"", ""reading"": ""おじさん"", ""meanings"": [""uncle"", ""middle-aged man""]}]","{""level_map"": ""Bluskyo/JLPT_Vocabulary (Jonathan Waller/Tanos)"", ""dictionary"": ""KANJIDIC2"", ""components"": ""KRADFILE visible components""}"
n5-kanji-0079,N5,79,79,雨,"[""rain""]","{""onyomi"": [""ウ""], ""kunyomi"": [""あめ"", ""あま-"", ""-さめ""], ""nanori"": []}",8,1,950,[173],[],[],True,"[{""written_raw"": ""雨"", ""written_furigana"": ""{雨}(あめ)"", ""reading"": ""あめ"", ""meanings"": [""rain""]}]","{""level_map"": ""Bluskyo/JLPT_Vocabulary (Jonathan Waller/Tanos)"", ""dictionary"": ""KANJIDIC2"", ""components"": ""KRADFILE visible components""}"
